{"cameraMode":{"drawMode":0,"name":"Shaded","section":"Shading Mode"},"sceneLighting":false,"audioPlay":false,"sceneViewState":{"showFog":true,"showMaterialUpdate":false,"showSkybox":false,"showFlares":true,"showImageEffects":true,"showParticleSystems":true},"in2DMode":false,"pivot":{"x":22.04170799255371,"y":10.112581253051758,"z":4.642457008361816},"rotation":{"x":-0.10697221755981446,"y":0.553425669670105,"z":-0.0720224380493164,"w":-0.8229401707649231},"size":35.65285873413086,"orthographic":false}