{"cameraMode":{"drawMode":0,"name":"Shaded","section":"Shading Mode"},"sceneLighting":false,"audioPlay":false,"sceneViewState":{"showFog":true,"showMaterialUpdate":false,"showSkybox":false,"showFlares":true,"showImageEffects":true,"showParticleSystems":true},"in2DMode":false,"pivot":{"x":-23.913429260253908,"y":7.088163375854492,"z":0.6512069702148438},"rotation":{"x":-0.0011902620317414404,"y":0.9947106838226318,"z":-0.10212459415197373,"w":-0.011636354960501194},"size":41.4182014465332,"orthographic":false}