{"cameraMode":{"drawMode":0,"name":"Shaded","section":"Shading Mode"},"sceneLighting":false,"audioPlay":false,"sceneViewState":{"showFog":true,"showMaterialUpdate":false,"showSkybox":false,"showFlares":true,"showImageEffects":true,"showParticleSystems":true},"in2DMode":false,"pivot":{"x":-7.237483978271484,"y":4.912117958068848,"z":-5.300483703613281},"rotation":{"x":0.005618330556899309,"y":-0.9809405207633972,"z":0.1925356537103653,"w":0.029309358447790147},"size":23.198394775390626,"orthographic":false}