{"cameraMode":{"drawMode":0,"name":"Shaded","section":"Shading Mode"},"sceneLighting":true,"audioPlay":false,"sceneViewState":{"showFog":true,"showMaterialUpdate":false,"showSkybox":true,"showFlares":true,"showImageEffects":true,"showParticleSystems":true},"in2DMode":false,"pivot":{"x":6.862022399902344,"y":-38.11164855957031,"z":-8.113812446594239},"rotation":{"x":0.2794561982154846,"y":-0.6381366848945618,"z":0.2683546543121338,"w":0.6654950380325317},"size":106.7264404296875,"orthographic":false}