{"cameraMode":{"drawMode":0,"name":"Shaded","section":"Shading Mode"},"sceneLighting":false,"audioPlay":false,"sceneViewState":{"showFog":true,"showMaterialUpdate":false,"showSkybox":false,"showFlares":true,"showImageEffects":true,"showParticleSystems":true},"in2DMode":false,"pivot":{"x":18.38965606689453,"y":6.043376922607422,"z":9.33742904663086},"rotation":{"x":-0.19021329283714295,"y":-0.7302488684654236,"z":0.2301430106163025,"w":-0.6154792904853821},"size":27.00534439086914,"orthographic":false}