{"cameraMode":{"drawMode":0,"name":"Shaded","section":"Shading Mode"},"sceneLighting":true,"audioPlay":false,"sceneViewState":{"showFog":true,"showMaterialUpdate":false,"showSkybox":true,"showFlares":true,"showImageEffects":true,"showParticleSystems":true},"in2DMode":false,"pivot":{"x":-2.546196460723877,"y":5.466777324676514,"z":-9.655556678771973},"rotation":{"x":-0.32149767875671389,"y":0.1561177521944046,"z":-0.0518672801554203,"w":-0.9331437349319458},"size":7.964290142059326,"orthographic":false}