{"cameraMode":{"drawMode":0,"name":"Shaded","section":"Shading Mode"},"sceneLighting":true,"audioPlay":false,"sceneViewState":{"showFog":true,"showMaterialUpdate":false,"showSkybox":true,"showFlares":true,"showImageEffects":true,"showParticleSystems":true},"in2DMode":false,"pivot":{"x":-28.707502365112306,"y":-21.48370361328125,"z":14.103910446166993},"rotation":{"x":0.4434683620929718,"y":0.5093722939491272,"z":-0.35806167125701907,"w":0.645770251750946},"size":0.6787089109420776,"orthographic":false}