{"cameraMode":{"drawMode":0,"name":"Shaded","section":"Shading Mode"},"sceneLighting":false,"audioPlay":false,"sceneViewState":{"showFog":true,"showMaterialUpdate":false,"showSkybox":false,"showFlares":true,"showImageEffects":true,"showParticleSystems":true},"in2DMode":false,"pivot":{"x":-3.533250093460083,"y":-7.7406439781188969,"z":-5.244784832000732},"rotation":{"x":-0.17209312319755555,"y":0.12434418499469757,"z":-0.01984810270369053,"w":-0.9776080846786499},"size":1.3782331943511963,"orthographic":false}