{"cameraMode":{"drawMode":0,"name":"Shaded","section":"Shading Mode"},"sceneLighting":false,"audioPlay":false,"sceneViewState":{"showFog":true,"showMaterialUpdate":false,"showSkybox":false,"showFlares":true,"showImageEffects":true,"showParticleSystems":true},"in2DMode":false,"pivot":{"x":3.650867462158203,"y":12.239999771118164,"z":1.249948501586914},"rotation":{"x":0.05906730890274048,"y":0.11498565226793289,"z":0.011540154926478863,"w":-0.9921889305114746},"size":52.12723922729492,"orthographic":false}